{
  "width":274,
  "height":601,
  "fish1":[0.0,0.0,0.20437956204379562,0.13810316139767054],
  "fish2":[0.20437956204379562,0.0,0.40875912408759124,0.13810316139767054],
  "monste1":[0.40875912408759124,0.0,0.6970802919708029,0.23960066555740434],
  "bug1":[0.6970802919708029,0.0,0.8102189781021898,0.08319467554076539],
  "snake1":[0.8102189781021898,0.0,0.948905109489051,0.11647254575707154],
  "sheep1":[0.0,0.23960066555740434,0.31386861313868614,0.4858569051580699],
  "chicken1":[0.31386861313868614,0.23960066555740434,0.583941605839416,0.45757071547420963],
  "horse1":[0.583941605839416,0.23960066555740434,1.0,0.6372712146422629],
  "dog1":[0.0,0.6372712146422629,0.31386861313868614,0.9251247920133111],
  "cow1":[0.31386861313868614,0.6372712146422629,0.6751824817518248,1.0]
}
