{
  "width":123,
  "height":355,
  "a":[0.0,0.0,0.8536585365853658,0.4056338028169014],
  "b":[0.0,0.4056338028169014,1.0,1.0]
}
